Domain,Moz Rank,Domain Rank,Page Rank
deshtunes.com,3.41,21.97,27.41
ramaturizm.com,5.66,28.22,26.94
twyxmotor.com,6.21,30.19,35.58
deshtunes.com,3.41,21.97,27.41
ramaturizm.com,5.66,28.22,26.94
twyxmotor.com,6.21,30.19,35.58
deshtunes.com,3.41,21.97,27.41
ramaturizm.com,5.66,28.22,26.94
twyxmotor.com,6.21,30.19,35.58
watgonline.com,4.22,21.41,34.1
deshtunes.com,3.41,21.97,27.41
ramaturizm.com,5.66,28.22,26.94
twyxmotor.com,6.21,30.19,35.58
saporepo.com,5.91,18.82,27.71
watgonline.com,4.22,21.41,34.1
mixhibit.com,3.75,18.74,28.4
k2proxy.com,3.95,17.76,28.17
quhuba.com,5.3,18.92,32.04
jinovsvet.com,3.3,17.13,22.76
oxteens.com,4.58,17.02,21.76
el2mr.com,4.27,20.77,32.37
sterh72.com,3.89,19.11,32.45
wtfgif.com,5.53,17.47,31.14
miya-mr.com,5.69,22.67,31.26
smiledead.com,3.82,17.49,31.06
kseolink.com,4.22,19.41,32.77
adenfall.com,4.44,26.46,38.2
cms4hearts.com,3.34,20.1,31.59
dslrcinema.com,4.77,17.68,30.55
tnbway.com,3.43,28.04,35.87
godsdamnit.com,3.65,19.96,23.66
bistrodoc.com,3.4,27.61,33.96
altairst.com,3.72,22.35,32.39
xblmirror.com,6.11,24.03,32.02
2pec.com,3.49,18.97,32.4
russiabuzz.com,5.39,17.3,31.0
eqloft.com,4.12,19.3,26.02
hanmermsl.com,3.28,19.64,27.82
edabranda.com,3.8,30.5,28.37
hiqmantour.com,4.13,21.53,31.69
wwoofjoy.com,6.38,27.01,33.54
dianalivia.com,3.09,17.32,30.82
reurao.com,4.54,28.1,34.14
pantepon.com,4.38,19.42,32.1
kingstw.com,5.28,20.37,33.46
junefoto.com,3.56,20.34,25.67
ddlbook.com,3.91,31.54,40.98
nativel2.com,3.71,25.33,20.41
mertznet.com,3.47,18.6,23.17
farmov.com,3.62,17.0,30.73
dancing9.com,3.14,24.96,33.14
edatuan.com,4.11,27.16,23.73
tevizz.com,3.5,24.27,32.83
unaprix.com,4.74,26.54,38.6
setup-eiga.com,4.31,21.0,33.84
cinextur.com,4.43,20.44,30.93
migmaa.com,3.67,17.05,30.54
fortyfore.com,4.05,26.66,37.07
creatoric.com,3.89,19.88,30.86
cqazzd.com,5.36,38.8,23.03
te96.com,3.0,21.4,25.21
hotelmetur.com,3.86,17.46,27.29
pagerank-4.com,3.72,20.71,26.52
sadikkagit.com,5.36,36.13,22.49
uwclfinal.com,4.63,21.23,26.86
azzatec.com,5.7,18.87,32.28
shouyouw3.com,3.26,17.82,31.41
rafclaims.com,4.32,19.35,32.72
offyapop.com,4.03,19.27,24.95
photoeditz.com,4.01,21.37,34.42
go2glys.com,4.0,25.3,25.81
aisybee.com,4.2,24.04,36.55
bizclir.com,3.24,18.35,21.94
lakajira.com,3.77,18.63,24.13
divatris.com,3.83,17.36,30.76
glipmax.com,3.08,17.65,26.07
moaidocs.com,5.73,26.5,38.73
mmsamp.com,4.6,20.9,22.62
lonejo.com,3.18,19.5,26.28
xratedrun.com,3.52,18.13,27.48
caela-nara.com,3.85,27.62,33.51
alecwh.com,3.93,20.98,26.99
nilseuropa.com,4.99,20.05,32.67
j-affi.com,4.43,21.88,34.4
szkminsk.com,5.78,18.99,31.91
peanutcrsp.com,3.26,17.74,31.37
al3abb.com,3.68,20.32,33.29
laurakaci.com,3.26,17.79,31.41
bach-radio.com,3.7,20.95,27.74
donnysblog.com,3.42,17.59,23.24
rieflute.com,3.23,25.17,31.48
thegali.com,4.51,18.9,29.75
oyxzx.com,3.83,22.36,34.13
e-deriheru.com,3.91,18.84,30.04
sefre01.com,3.68,17.17,30.87
marcandtom.com,3.43,17.32,27.32
outravibe.com,4.01,21.2,34.27
jyuushou.com,4.51,18.06,31.52
femmegypsy.com,4.08,20.24,20.07
lv-bastard.com,4.3,22.98,28.03
dabaffi.com,4.64,24.4,36.54
teleriko.com,4.34,22.61,35.42
beenutfree.com,4.99,23.47,35.78
boot-music.com,4.28,17.72,30.74
nlfighter.com,4.27,17.79,24.77
chohomio.com,3.09,18.7,28.35
mallbaju.com,4.08,26.5,28.15
dogmafobia.com,3.85,18.9,19.77
respondon.com,3.29,20.27,27.73
towlefarm.com,3.45,19.8,33.05
soteclub.com,3.26,17.8,31.42
thevarsano.com,4.92,25.16,37.2
hobbittv.com,3.26,17.79,31.41
locatelo.com,3.26,18.86,25.4
gtagility.com,3.39,22.23,29.08
monoinvcf.com,3.65,21.26,32.24
pon-kotsu.com,3.6,23.07,30.87
glmbeauty.com,6.72,21.66,32.64
dijialipin.com,6.82,35.87,46.49
dinashoham.com,6.28,20.84,33.62
3dhaoqia.com,6.48,35.42,46.17
audiencedp.com,3.35,18.45,27.82
persona-l.com,4.18,21.39,34.21
sarahcoey.com,4.02,24.09,32.57
repara-pc.com,5.19,18.38,31.91
lzxingdun.com,6.57,35.66,46.32
zuoweifood.com,6.75,34.75,45.53
merotoro.com,4.07,21.2,32.92
deai-hp.com,5.24,28.84,33.9
yunmma.com,3.26,21.73,23.35
linosindy.com,3.23,17.48,26.86
pagusmundi.com,4.8,18.99,31.12
health-pl.com,4.05,23.23,35.98
bg-max.com,3.42,17.0,29.69
multibaks.com,4.89,20.94,28.74
axxisbikes.com,4.64,20.92,32.25
randyfolks.com,4.88,19.91,33.19
kmsinn.com,4.06,25.21,26.36
krojam.com,3.45,17.72,31.23
masgdl.com,5.56,27.16,38.05
speicherm1.com,3.26,17.79,31.41
shiningio.com,3.64,21.52,33.63
ketestone.com,6.83,37.28,47.71
lissthomas.com,3.69,20.5,28.26
sitekz.com,4.99,24.71,29.68
xinyuangy.com,6.44,35.06,45.88
zftonghua.com,6.55,36.26,46.86
schuaxiang.com,6.61,36.71,47.2
qidianteam.com,3.02,28.18,15.35
ernaco.com,4.19,18.43,31.93
reh42.com,4.12,18.86,31.78
shkangchun.com,6.57,38.69,46.66
suprans.com,3.81,18.73,31.0
qinqingw.com,6.35,36.35,46.96
c-yuwang.com,6.69,35.51,46.18
bo2ahang.com,4.34,17.78,30.88
qdlaicang.com,6.7,36.62,47.18
fnthotel.com,5.05,19.03,30.34
hburgerco.com,3.05,19.01,27.11
kingdaom.com,6.39,35.58,46.23
akkyfs.com,6.68,36.93,47.42
sonicwalk.com,3.06,20.52,31.98
buggtussel.com,3.62,19.88,27.37
yczhentan.com,5.18,21.35,31.87
poflomaxus.com,5.3,19.22,32.61
onthenord.com,4.87,17.86,28.26
b4b-online.com,4.62,21.7,29.52
keibaai.com,4.24,22.15,35.08
ajaxxls.com,3.99,29.81,37.39
hapooms.com,4.25,18.7,31.81
acaivalue.com,4.18,22.26,35.16
meadape.com,3.52,32.4,40.2
hangoutjkt.com,3.86,29.65,35.83
zzhyad.com,5.34,32.58,34.54
womanvfood.com,3.96,19.83,32.56
xrefresh.com,4.44,17.37,30.34
fuerion.com,4.2,37.95,48.09
3ginet.com,3.03,24.49,33.29
cokebust.com,4.39,28.3,38.45
jsunittest.com,4.67,23.44,35.81
revellish.com,4.02,18.15,30.96
